{"hive":{"beetypes":false,"bee":false,"mutas3":false,"stoprjgifted":false,"amount":50,"rjbeetypes":false,"rjrarity":false,"neonberry":false,"feedtype":"Bitterberry"},"misc":{"bqbuy":false,"console":false,"bqbuyconf":false,"follow":false,"passive":"Pop Star","dapperslots":5,"followfieldblacklist":false,"autorejoin2":false,"rolldouble":false,"passives2":false,"boosts":false,"mobiletoggle":false,"bqdel2":false,"custompatterns":false,"farmmultiplefields":false,"anonymous":false,"bqdelconf":false,"realpot":false},"combat":{"mondochicktime":15,"killmondochick":false,"crabmethod":"Walk","killkingbeetle":false,"killcrab":false,"babylove":false,"donatevials":false,"wlstingers":false,"killScorpion":false,"killtunnelbear":false,"craboil":false,"giftedvicious":false,"killWerewolf":false,"snail":true,"windymax":25,"viciousmin":1,"killMantis":false,"demonmask":false,"lootmondo":false,"killRhinoBeetle":false,"killSpider":false,"windymin":1,"killcommando":false,"viciousmax":12,"stingers":false,"starsaw":false,"killwindy":false,"wlstarsaw":false,"avoidmobs":true,"killLadybug":false,"killvicious":true,"killAphid":true,"mondoprep":false,"dmwhitelist":false,"mondopreptime":20,"commandohelp":false,"commandoshell":true,"commandomethod":"Walk"},"dispensers":{"coconut":false,"blueberry":false,"royaljelly":false,"treat":false,"strawberry":false,"robopass":false,"glue":false,"honey":false,"antpass":false},"autoquest":{"planters":false,"feedbees":false,"windshrine":false,"rileybee":false,"ragetokens":true,"gummybear":false,"buckobee":false,"treats":false,"enabled":false,"memorymatch":true,"onett":false,"beebear":false,"blackbear2":false,"pollen":true,"sciencebear":false,"puffshrooms":true,"oldtool":false,"goomethod":"Gumdrops","levelbees":false,"sharebeans":false,"pandabear":false,"bestwhitefield":"Coconut Field","bestredfield":"Pepper Patch","toys":false,"polarbear":false,"tools":false,"brownbear":false,"ants":false,"blackbear":false,"dapperbear":false,"spiritbear":false,"mobs":true,"blooms":false,"rj":false,"honeybee":false,"motherbear":false,"craft":false,"stickbug":false,"bestbluefield":"Pine Tree Forest","xmas":false,"goo":true,"allowedplanters":false,"dupedtokens":false,"rjbl":false,"claim2":false},"face":{"balloons":false,"blooms":false,"bubbles":false,"refresh":false,"shiftlock":false,"gballoons":false,"method":"Shift Lock","center":false,"sldirection":"South","fires":false,"gbubbles":false},"convert":{"standInPreciseAt":75,"convertHiveBalloon":true,"instantType":false,"convertHoneyAt":100,"coconutAt":85,"convertHoney":true,"resetWhenConverting":false,"convert6xBubbleBloat":false,"festivegift":false,"autoHoneyMask":false,"alwaysConvertBalloon":false,"timeToWait":15,"coconut":false,"defaultMask":"Diamond Mask","standInPrecise":true,"useEnzymesBalloon":false,"convertField":false,"convertHiveBalloonAt":10,"waitBeforeConverting":true,"instantToggle":false},"boosters":{"min":1,"wanted":1,"required":false,"enabled2":false,"allowed":false,"fieldsblacklist":false},"vars":{"cannon":false,"sprinkler":"The Supreme Saturator","remote":false,"walkspeedenabled":true,"tweenspeed":6,"movement":"Walk","digmethod":"Autoclick","walkspeed":70,"jumpshortcuts":false,"walkspeed2":1.5,"walkdynamic":false},"sprouts":{"enabled":false,"plant":false,"plantday":false,"collect":true,"amount":false,"left":0,"plantnight":false,"rarity3":false,"fieldsblacklist":false},"stickbug":{"enabled":false,"loot":false,"totem":true,"circle":true,"tickets":false,"spawn":false},"amulet":{"ant":false,"rbc3":false,"kb3":false,"rbc4":false,"ant4":false,"sb3":false,"kb2":false,"snail4":false,"kb":false,"rbc":false,"snail3":false,"snail2":false,"kb4":false,"snail":false,"ant2":false,"ant3":false,"rbc2":false,"moon4":false,"sb2":false,"sb":false,"sb4":false},"memorymatch":{"ghost4":false,"night":false,"ghost2":false,"basic":false,"ghost":false,"mega":false,"extreme":false,"blacklist":false},"rbc":{"passcooldown":0,"rerollmin":10,"upgrades":false,"mask":false,"rerollquests":false,"redtool":"Dark Scythe","bluemask":"Diamond Mask","cogconvert":true,"cogupgrades":true,"rerollupgrades":false,"materialsenabled":false,"buypass":false,"whitemask":"Gummy Mask","preset":"Blue","disableroundend":false,"maskround":5,"stoproundend":false,"whitetool":"Gummyballer","highestcogmax":10,"maxround":15,"highestcog":false,"precise":false,"rerollbees":false,"bestwhitefield":"Coconut Field","bestredfield":"Pepper Patch","bestbluefield":"Pine Tree Forest","buydrives":{"Glitched":true,"White":true,"Blue":true,"Red":true},"tool":false,"goldcogmowers":true,"bluetool":"Tide Popper","usedrives":{"Glitched":true,"White":true,"Blue":true,"Red":true},"toolround":4,"materials":false,"goomethod":"Gumdrops","redmask":"Demon Mask","upgradesenabled":false,"enabled":false,"precisemin":5},"beesmas":{"roboparty":false,"snowmachine":false,"gummybeacon3":false,"wintermm":false,"snowflake":false,"stockings":false,"coolbreeze":false,"snowbear":true,"honeymaskforwreath":false,"beesmasfeast":false,"partyspawn":false,"samovar":false,"gummybeacon":false,"partymobsbl2":false,"candles":false,"snowflakeAt":95,"gingerbreadhouse":false,"onettlidart":false,"gummybeacon2":false},"detected":{"fastcoconuttween":false,"fastraretween":false,"rares":false,"background":false,"fastshowertween":false},"webhook":{"console":false,"disconnectid":"","key":"","interval":5,"url":"","graphurl":"","stickers":false,"enabled":false,"graph":false,"beequips":false,"drives":false,"hidebranding":false,"questdone2":false,"items":false,"disconnect":false,"dappershop":false,"planters":true,"nectars":true,"balloon":false,"dashboard":false},"toys":{"windshrine":false,"conversions":2,"stickerprinter":false,"stackselect":false,"honeystorm":false,"sproutsummoner":false,"meteor":false,"wealthclock":true,"farmwinds":false,"discardselect":false,"stickerstacker":false,"intwhitelist":false,"enabled":true,"discardstickers":false,"route":false,"hiddenstickers":false,"interrupt":true,"materials2":false,"shrineamount":1,"printereggs":false,"stackmethod":"Tickets","windsblacklist":false,"materials":false,"nectarcondenser":false,"prog":false,"nectars":false,"progblender":true,"shrineitem":""},"puffshrooms":{"enabled":false,"rarity":"Common","max":15,"maintain":false,"highlvlpriority":false,"mintime":30,"min":1,"blacklistedfields":false,"priorityfields":false},"planters":{"manual":{"farmfield":false,"planter3":{"harvestatpercentage":true,"plant":false,"ignoresmoking":false,"lastfield":false,"field2":"None","field1":"Dandelion Field","field4":"None","harvestat":100,"planter":"Plastic Planter","timetoharvest":4,"field3":"None","harvestaftertime":false,"harvest":false},"planter2":{"harvestatpercentage":true,"plant":false,"ignoresmoking":false,"lastfield":false,"field2":"None","field1":"Dandelion Field","field4":"None","harvestat":100,"planter":"Plastic Planter","timetoharvest":4,"field3":"None","harvestaftertime":false,"harvest":false},"planter1":{"harvestatpercentage":true,"plant":false,"ignoresmoking":false,"lastfield":false,"field2":"None","field1":"Dandelion Field","field4":"None","harvestat":100,"planter":"Plastic Planter","timetoharvest":4,"field3":"None","harvestaftertime":false,"harvest":false}},"method":"Manual","cycles":{"cycle2":{"planter2":{"field":"Dandelion Field","planter":"None"},"timetoharvest":2,"harvestat":100,"ignoresmoking":false,"harvestatpercentage":true,"planter3":{"field":"Dandelion Field","planter":"None"},"harvestaftertime":false,"planter1":{"field":"Dandelion Field","planter":"None"}},"cycle4":{"planter2":{"field":"Dandelion Field","planter":"None"},"timetoharvest":2,"harvestat":100,"ignoresmoking":false,"harvestatpercentage":true,"planter3":{"field":"Dandelion Field","planter":"None"},"harvestaftertime":false,"planter1":{"field":"Dandelion Field","planter":"None"}},"cycle1":{"planter2":{"field":"Dandelion Field","planter":"None"},"timetoharvest":2,"harvestat":100,"ignoresmoking":false,"harvestatpercentage":true,"planter3":{"field":"Dandelion Field","planter":"None"},"harvestaftertime":false,"planter1":{"field":"Dandelion Field","planter":"None"}},"started":false,"lastcycle":false,"cycle5":{"planter2":{"field":"Dandelion Field","planter":"None"},"timetoharvest":2,"harvestat":100,"ignoresmoking":false,"harvestatpercentage":true,"planter3":{"field":"Dandelion Field","planter":"None"},"harvestaftertime":false,"planter1":{"field":"Dandelion Field","planter":"None"}},"cycle3":{"planter2":{"field":"Dandelion Field","planter":"None"},"timetoharvest":2,"harvestat":100,"ignoresmoking":false,"harvestatpercentage":true,"planter3":{"field":"Dandelion Field","planter":"None"},"harvestaftertime":false,"planter1":{"field":"Dandelion Field","planter":"None"}}},"rewards":{"enabled":false,"swirledwax":false,"causticwaxp":false,"smoothie":false,"causticwax":false,"swirledwaxp":false},"enabled":false,"nectar":{"satisfying":false,"ignoresmoking":false,"invigoratinglastfield":"","motivatingp":2,"motivating":false,"satisfyinglastfield":"","invigorating":false,"comforting":false,"harvestat":100,"invigoratingmin2":16,"refreshingp":4,"comfortinglastfield":"","harvestaftertime":true,"timetoharvest":2,"farmfield":false,"motivatinglastfield":"","blacklistedfields":false,"refreshingmin2":16,"satisfyingmin2":16,"preset":"Custom","motivatingmin2":16,"refreshing":false,"invigoratingp":5,"refreshinglastfield":"","satisfyingp":3,"ignorefielddeg":true,"harvestatpercentage":false,"comfortingp":1,"comfortingmin2":16,"allowedplanters":false}},"ant":{"enabled":false,"antpass":false},"autofarm":{"patternblacklist":false,"smileytime":4,"farmshowers":true,"badgebl":false,"farmfires":false,"farmbadges":false,"guidingfieldblacklist":false,"enabled":true,"autosprinkler":true,"farmcoconuts":true,"farmprecisemark":true,"farmblooms":false,"patternstart":"Center","scorchingscore":0,"farmfireflies":false,"badgep":"Lowest Pollen Needed","autopopstar":true,"farmprecise":true,"farmtriangulate":false,"autoscorchingstar":true,"farmdupedtokens":true,"pattern":"CornerXSnake","badgesclaim":false,"farmpetals":true,"farmfuzzbombs":false,"farmcombococonuts":true,"dupedtokens":false,"farmbubbles":false,"autogummystar":true,"combofield":false,"ignorehoneytokens":false,"field3":"None","prioritytokens":false,"farmposition":false,"autoguidingstar":false,"farmmarks":false,"farmpuppyball":true,"farmposenabled":false,"farmballoons2":false,"farmclouds":true,"trackprecise":false,"field2":"None","field1":"Strawberry Field","farmmeteorshowers":false,"sprinklerpos":"Center","comboamount":0,"farmleaves":false,"patternenabled":false,"autodig":true,"fieldinterval":10},"antilag":{"textures":false,"precise":false,"flowers":false,"main":false,"bssui":false,"players":false,"norender":false,"tokens":false,"decorations":false,"bees":false,"stations":false,"particles":false,"balloons":false}}