{"webhook":{"enabled":false,"url":""},"misc":{"mobiletoggle":false,"serverhop":false,"discardstickers":false,"wanted":false,"stickerboard":true,"time":1769007172.0061286,"discardselect":{"Lyrate Leaf":true,"Hastate Leaf":true,"Blowing Leaf":true,"Rhomboid Leaf":true,"Elliptic Leaf":true,"Cunate Leaf":true,"Oblique Leaf":true,"Spatulate Leaf":true,"Reniform Leaf":true,"Lanceolate Leaf":true,"Cordate Leaf":true},"stickers":false,"stickerplanters":false},"autofarm":{"enabled":true,"farmleaves":true,"farmcoconuts":false,"comboamount":0,"ignorehoneytokens":true,"farmflowers":false,"autodig":true,"farmcombococonuts":false},"antilag":{"players":false,"flowers":false,"bssui":false,"tokens":false,"main":false,"textures":false,"norender":false,"particles":false,"decorations":false}}